Fight Title,Fight Link,Fight Date,Fight Location
UFC 195: Lawler vs Condit,http://www.fightmetric.com/event-details/380e8b023290d091,"January 02, 2016","Las Vegas, Nevada, USA"
UFC on FOX: Dos Anjos vs. Cowboy 2,http://www.fightmetric.com/event-details/80d918336163b80c,"December 19, 2015","Orlando, Florida, USA"
UFC 194: Aldo vs McGregor,http://www.fightmetric.com/event-details/354808cf38d9d73c,"December 12, 2015","Las Vegas, Nevada, USA"
The Ultimate Fighter 22 Finale,http://www.fightmetric.com/event-details/20fbff570c678e1c,"December 11, 2015","Las Vegas, Nevada, USA"
UFC Fight Night: Namajunas vs. VanZant,http://www.fightmetric.com/event-details/dd39f1ca787a3d9d,"December 10, 2015","Las Vegas, Nevada, USA"
UFC Fight Night: Henderson vs Masvidal,http://www.fightmetric.com/event-details/4d636c3aa1105950,"November 28, 2015","Seoul, South Korea"
UFC Fight Night 78: Magny vs Gastelum,http://www.fightmetric.com/event-details/243b07fc65ccbb16,"November 21, 2015","Monterrey, Nuevo Leon, Mexico"
UFC 193: Rousey vs Holm,http://www.fightmetric.com/event-details/8d04923f2db59b7f,"November 14, 2015","Melbourne, Victoria, Australia"
UFC Fight Night: Belfort vs Henderson,http://www.fightmetric.com/event-details/5345f86680378fc1,"November 07, 2015","Sao Paulo, Sao Paulo, Brazil"
UFC Fight Night: Holohan vs Smolka,http://www.fightmetric.com/event-details/f3155a94ca420126,"October 24, 2015","Dublin, Leinster, Ireland"
UFC 192: Cormier vs Gustafsson,http://www.fightmetric.com/event-details/119ebea97e914dcf,"October 03, 2015","Houston, Texas, USA"
UFC Fight Night: Barnett vs Nelson,http://www.fightmetric.com/event-details/a4dd5c9a75763295,"September 26, 2015","Saitama, Japan"
UFC 191: Johnson vs Dodson 2,http://www.fightmetric.com/event-details/82f5c81f4e3c3eb5,"September 05, 2015","Las Vegas, Nevada, USA"
UFC Fight Night: Holloway vs Oliveira,http://www.fightmetric.com/event-details/2ce6541127b0e232,"August 23, 2015","Saskatoon, Saskatchewan, Canada"
UFC Fight Night: Teixeira vs Saint Preux,http://www.fightmetric.com/event-details/b71667c778b6d9e5,"August 08, 2015","Nashville, Tennessee, USA"
UFC 190: Rousey vs Correia,http://www.fightmetric.com/event-details/a9c45a8b21eabadc,"August 01, 2015","Rio de Janeiro, Rio de Janeiro, Brazil"
UFC on FOX: Dillashaw vs. Barao II,http://www.fightmetric.com/event-details/0c3838c8f7c620c2,"July 25, 2015","Chicago, Illinois, USA"
UFC Fight Night: Bisping vs Leites,http://www.fightmetric.com/event-details/ef7fa30364cbe7f2,"July 18, 2015","Glasgow, Scotland, United Kingdom"
UFC Fight Night: Mir vs Duffee,http://www.fightmetric.com/event-details/36877f0e62b25b96,"July 15, 2015","San Diego, California, USA"
The Ultimate Fighter 21 Finale,http://www.fightmetric.com/event-details/a890f9a791ed615d,"July 12, 2015","Las Vegas, Nevada, USA"
UFC 189: Mendes vs McGregor,http://www.fightmetric.com/event-details/3be081c29bf734d9,"July 11, 2015","Las Vegas, Nevada, USA"
UFC Fight Night: Machida vs Romero,http://www.fightmetric.com/event-details/86e388ed20761ad9,"June 27, 2015","Hollywood, Florida, USA"
UFC Fight Night: Jedrzejczyk vs Penne,http://www.fightmetric.com/event-details/194fc025f9355db6,"June 20, 2015","Berlin, Berlin, Germany"
UFC 188: Velasquez vs Werdum,http://www.fightmetric.com/event-details/a58114c6dd0add64,"June 13, 2015","Mexico City, Distrito Federal, Mexico"
UFC Fight Night: Boetsch vs Henderson,http://www.fightmetric.com/event-details/06dc1a58663579d2,"June 06, 2015","New Orleans, Louisiana, USA"
UFC Fight Night: Condit vs Alves,http://www.fightmetric.com/event-details/aae0897825336b1a,"May 30, 2015","Goiania, Goias, Brazil"
UFC 187: Johnson vs Cormier,http://www.fightmetric.com/event-details/4f7e290e71d60f87,"May 23, 2015","Las Vegas, Nevada, USA"
UFC Fight Night: Edgar vs Faber,http://www.fightmetric.com/event-details/b1605ea39fba6af6,"May 16, 2015","Manila, Philippines"
UFC Fight Night: Miocic vs Hunt,http://www.fightmetric.com/event-details/8a1b4330c7957961,"May 09, 2015","Adelaide, South Australia, Australia"
UFC 186: Johnson vs Horiguchi,http://www.fightmetric.com/event-details/997b4f52f76a0b53,"April 25, 2015","Montreal, Quebec, Canada"
UFC Fight Night: Machida vs Rockhold,http://www.fightmetric.com/event-details/bc7cf284c1c2f16e,"April 18, 2015","Newark, New Jersey, USA"
UFC Fight Night: Gonzaga vs Cro Cop 2,http://www.fightmetric.com/event-details/5de61b03868035ff,"April 11, 2015","Krakow, Poland"
UFC Fight Night: Mendes vs Lamas,http://www.fightmetric.com/event-details/16d09e800ad7ec79,"April 04, 2015","Fairfax, Virginia, USA"
UFC Fight Night: Maia vs LaFlare,http://www.fightmetric.com/event-details/fa534853eb195270,"March 21, 2015","Rio de Janeiro, Brazil"
UFC 185: Pettis vs Dos Anjos,http://www.fightmetric.com/event-details/f54200f1dfb9b5d4,"March 14, 2015","Dallas, Texas, USA"
UFC 184: Rousey vs Zingano,http://www.fightmetric.com/event-details/ad4e9055bf8cd04d,"February 28, 2015","Los Angeles, California, USA"
UFC Fight Night: Bigfoot vs Mir,http://www.fightmetric.com/event-details/0577808d22dfe79c,"February 22, 2015","Porto Alegre, Rio Grande do Sul, Brazil"
UFC Fight Night: Henderson vs Thatch,http://www.fightmetric.com/event-details/f9c7fe2682af3802,"February 14, 2015","Broomfield, Colorado, USA"
UFC 183: Silva vs Diaz,http://www.fightmetric.com/event-details/43563a32c3f10e95,"January 31, 2015","Las Vegas, Nevada, USA"
UFC Fight Night: Gustafsson vs Johnson,http://www.fightmetric.com/event-details/706404da0775dcbc,"January 24, 2015","Stockholm, Sweden"
UFC Fight Night: McGregor vs Siver,http://www.fightmetric.com/event-details/f9aa6376ae16bfb4,"January 18, 2015","Boston, Massachusetts, USA"
UFC 182: Jones vs Cormier,http://www.fightmetric.com/event-details/a72d260b436924c4,"January 03, 2015","Las Vegas, Nevada, USA"
UFC Fight Night: Machida vs Dollaway,http://www.fightmetric.com/event-details/4e5bbc4566049cbf,"December 20, 2014","Barueri, Sao Paulo, Brazil"
UFC Fight Night: Dos Santos vs Miocic,http://www.fightmetric.com/event-details/d4a12dfa4067742f,"December 13, 2014","Phoenix, Arizona, USA"
The Ultimate Fighter 20 Finale,http://www.fightmetric.com/event-details/222d6b547de2e035,"December 12, 2014","Las Vegas, Nevada, USA"
UFC 181: Hendricks vs Lawler II,http://www.fightmetric.com/event-details/dfdd0c5dd0d4bc23,"December 06, 2014","Las Vegas, Nevada, USA"
UFC Fight Night: Edgar vs Swanson,http://www.fightmetric.com/event-details/155a02a8b4311057,"November 22, 2014","Austin, Texas, USA"
UFC 180: Werdum vs Hunt,http://www.fightmetric.com/event-details/59851163aaf1aed8,"November 15, 2014","Mexico City, Distrito Federal, Mexico"
UFC Fight Night 56: Shogun vs Saint Preux,http://www.fightmetric.com/event-details/6ca68b636fbc1f18,"November 08, 2014","Uberlandia, Minas Gerais, Brazil"
UFC Fight Night: Rockhold vs Bisping,http://www.fightmetric.com/event-details/371a1c91b24dec2b,"November 07, 2014","Sydney, New South Wales, Australia"
UFC 179: Aldo vs Mendes 2,http://www.fightmetric.com/event-details/53f02bbc41d99432,"October 25, 2014","Rio de Janeiro, Brazil"
UFC Fight Night: MacDonald vs Saffiedine,http://www.fightmetric.com/event-details/0313bf497de9c470,"October 04, 2014","Halifax, Nova Scotia, Canada"
UFC Fight Night: Nelson vs Story,http://www.fightmetric.com/event-details/8dc4f34c1f50d00d,"October 04, 2014","Stockholm, Sweden"
UFC 178: Johnson vs Cariaso,http://www.fightmetric.com/event-details/3bb030257966b022,"September 27, 2014","Las Vegas, Nevada, USA"
UFC Fight Night: Hunt vs Nelson,http://www.fightmetric.com/event-details/2dea80c069847321,"September 20, 2014","Saitama, Japan"
UFC Fight Night: Silva vs Arlovski,http://www.fightmetric.com/event-details/a71feb7ea7592a71,"September 13, 2014","Brasilia, Distrito Federal, Brazil"
UFC Fight Night: Souza vs Mousasi,http://www.fightmetric.com/event-details/9bcfb40dbcd50568,"September 05, 2014","Ledyard, Connecticut, USA"
UFC 177: Dillashaw vs Soto,http://www.fightmetric.com/event-details/269d103c96a4c3a5,"August 30, 2014","Sacramento, California, USA"
UFC Fight Night: Henderson vs Dos Anjos,http://www.fightmetric.com/event-details/063649e21bc9d6d5,"August 23, 2014","Tulsa, Oklahoma, USA"
UFC Fight Night: Bisping vs Le,http://www.fightmetric.com/event-details/770b9d4813c25902,"August 23, 2014","Macau, China"
UFC Fight Night: Bader vs Saint Preux,http://www.fightmetric.com/event-details/fd7acf42bd6e7e95,"August 16, 2014","Bangor, Maine, USA"
UFC on Fox: Lawler vs Brown,http://www.fightmetric.com/event-details/05fbfe628658c538,"July 26, 2014","San Jose, California, USA"
UFC Fight Night: McGregor vs Brandao,http://www.fightmetric.com/event-details/073eee4e62f0d988,"July 19, 2014","Dublin, Leinster, Ireland"
UFC Fight Night: Cerrone vs Miller,http://www.fightmetric.com/event-details/79ded75550efc139,"July 16, 2014","Atlantic City, New Jersey, USA"
The Ultimate Fighter 19 Finale,http://www.fightmetric.com/event-details/1c5879330d42255f,"July 06, 2014","Las Vegas, Nevada, USA"
UFC 175: Weidman vs Machida,http://www.fightmetric.com/event-details/53adf5b845d91e4a,"July 05, 2014","Las Vegas, Nevada, USA"
UFC Fight Night: Swanson vs Stephens,http://www.fightmetric.com/event-details/c0ed7b208197e8de,"June 28, 2014","San Antonio, Texas, USA"
UFC Fight Night: Te Huna vs Marquardt,http://www.fightmetric.com/event-details/ac9521250dc1a14c,"June 28, 2014","Auckland, New Zealand"
UFC 174: Johnson vs Bagautinov,http://www.fightmetric.com/event-details/5b5307450405abf0,"June 14, 2014","Vancouver, British Columbia, Canada"
UFC Fight Night: Henderson vs Khabilov,http://www.fightmetric.com/event-details/1fcfc3709fe58151,"June 07, 2014","Albuquerque, New Mexico, USA"
TUF Brazil Finale: Miocic vs Maldonado,http://www.fightmetric.com/event-details/59aaf2730b84698a,"May 31, 2014","Sao Paulo, Brazil"
UFC Fight Night: Munoz vs Mousasi,http://www.fightmetric.com/event-details/b757c73f443d4fca,"May 31, 2014","Berlin, Germany"
UFC 173: Barao vs Dillashaw,http://www.fightmetric.com/event-details/9ca265dfe8323db3,"May 24, 2014","Las Vegas, Nevada, USA"
UFC Fight Night: Brown vs Silva,http://www.fightmetric.com/event-details/579fcdfcabd23a7b,"May 10, 2014","Cincinnati, Ohio, USA"
UFC 172: Jones vs Teixeira,http://www.fightmetric.com/event-details/4f2fcbefb668689d,"April 26, 2014","Baltimore, Maryland, USA"
UFC on FOX: Werdum vs Browne,http://www.fightmetric.com/event-details/a421465acbe59c77,"April 19, 2014","Orlando, Florida, USA"
UFC Fight Night: Bisping vs Kennedy,http://www.fightmetric.com/event-details/f9f07bb5a43535ed,"April 16, 2014","Quebec City, Quebec, Canada"
UFC Fight Night: Minotauro vs Nelson,http://www.fightmetric.com/event-details/d632d156c0549e07,"April 11, 2014","Abu Dhabi, United Arab Emirates"
UFC Fight Night: Shogun vs Henderson,http://www.fightmetric.com/event-details/d5f820c11a121050,"March 23, 2014","Natal, Rio Grande do Norte, Brazil"
UFC 171: Hendricks vs Lawler,http://www.fightmetric.com/event-details/179f1948dc234f1f,"March 15, 2014","Dallas, Texas, USA"
UFC Fight Night: Gustafsson vs Manuwa,http://www.fightmetric.com/event-details/ebc1f40e00e0c481,"March 08, 2014","London, England, United Kingdom"
UFC Fight Night: Kim vs Hathaway,http://www.fightmetric.com/event-details/a26198ba5093147e,"March 01, 2014","Macau, China"
UFC 170: Rousey vs McMann,http://www.fightmetric.com/event-details/3138fab619faf4d1,"February 22, 2014","Las Vegas, Nevada, USA"
UFC Fight Night: Machida vs Mousasi,http://www.fightmetric.com/event-details/51b0bb73a1da34bc,"February 15, 2014","Jaragua do Sul, Santa Catarina, Brazil"
UFC 169: Barao vs Faber 2,http://www.fightmetric.com/event-details/fc31f896cde2bc2e,"February 01, 2014","Newark, New Jersey, USA"
UFC on FOX: Henderson vs Thomson,http://www.fightmetric.com/event-details/a8d521d913df4e31,"January 25, 2014","Chicago, Illinois, USA"
UFC Fight Night: Rockhold vs Philippou,http://www.fightmetric.com/event-details/30a09e43f15f1d75,"January 15, 2014","Duluth, Georgia, USA"
UFC Fight Night: Saffiedine vs Lim,http://www.fightmetric.com/event-details/e5c9de15bb58b1c6,"January 04, 2014","Singapore, Singapore"
UFC 168: Weidman vs Silva 2,http://www.fightmetric.com/event-details/83d0de122f2f9664,"December 28, 2013","Las Vegas, Nevada, USA"
UFC on FOX 9,http://www.fightmetric.com/event-details/480b702debcb5433,"December 14, 2013","Sacramento, California, USA"
UFC Fight Night: Hunt vs Bigfoot,http://www.fightmetric.com/event-details/ee457ef1e1c326c1,"December 06, 2013","Brisbane, Queensland, Australia"
The Ultimate Fighter 18 Finale,http://www.fightmetric.com/event-details/9a967e8e43dcef63,"November 30, 2013","Las Vegas, Nevada, USA"
UFC 167: St-Pierre vs Hendricks,http://www.fightmetric.com/event-details/28f3c2258a1d8874,"November 16, 2013","Las Vegas, Nevada, USA"
UFC Fight Night: Belfort vs Henderson,http://www.fightmetric.com/event-details/5d7c18191b8aa432,"November 09, 2013","Goiania, Goias, Brazil"
UFC Fight Night: Fight for the Troops,http://www.fightmetric.com/event-details/35dc6220b113b7ec,"November 06, 2013","Fort Campbell, Kentucky, USA"
UFC Fight Night: Machida vs Munoz,http://www.fightmetric.com/event-details/60884f31ead1609c,"October 26, 2013","Manchester, England, United Kingdom"
UFC 166: Velasquez vs Dos Santos 3,http://www.fightmetric.com/event-details/eae4aec1a5a8ff01,"October 19, 2013","Houston, Texas, USA"
UFC Fight Night: Maia vs Shields,http://www.fightmetric.com/event-details/43612456979e5d5e,"October 09, 2013","Barueri, Sao Paulo, Brazil"
UFC 165: Jones vs Gustafsson,http://www.fightmetric.com/event-details/df5a77121ba84a5d,"September 21, 2013","Toronto, Ontario, Canada"
UFC Fight Night: Teixeira vs Bader,http://www.fightmetric.com/event-details/b23fca14c7b79935,"September 04, 2013","Belo Horizonte, Minas Gerais, Brazil"
UFC 164: Henderson vs Pettis 2,http://www.fightmetric.com/event-details/980b4e712489098e,"August 31, 2013","Milwaukee, Wisconsin, USA"
UFC Fight Night: Condit vs Kampmann 2,http://www.fightmetric.com/event-details/e5c38954c006f15c,"August 28, 2013","Indianapolis, Indiana, USA"
UFC Fight Night: Shogun vs Sonnen,http://www.fightmetric.com/event-details/cf1a88371c8cb690,"August 17, 2013","Boston, Massachusetts, USA"
UFC 163: Aldo vs Jung,http://www.fightmetric.com/event-details/ebc5af72ad5a28cb,"August 03, 2013","Rio de Janeiro, Brazil"
UFC on FOX: Johnson vs Moraga,http://www.fightmetric.com/event-details/5330fe7e4c3af81c,"July 27, 2013","Seattle, Washington, USA"
UFC 162: Silva vs Weidman,http://www.fightmetric.com/event-details/e0b74df14f52cd15,"July 06, 2013","Las Vegas, Nevada, USA"
UFC 161: Evans vs Henderson,http://www.fightmetric.com/event-details/8fd1f27e86661ede,"June 15, 2013","Winnipeg, Manitoba, Canada"
UFC on FUEL TV 10,http://www.fightmetric.com/event-details/7865707fd684d77b,"June 08, 2013","Fortaleza, Ceara, Brazil"
UFC 160: Velasquez vs Silva 2,http://www.fightmetric.com/event-details/3c241737a6069b9f,"May 25, 2013","Las Vegas, Nevada, USA"
UFC on FX 8,http://www.fightmetric.com/event-details/030f08370fd1c2bb,"May 18, 2013","Jaragua do Sul, Santa Catarina, Brazil"
UFC 159: Jones vs Sonnen,http://www.fightmetric.com/event-details/ea0ad155451ed1f5,"April 27, 2013","Newark, New Jersey, USA"
UFC on FOX: Henderson vs Melendez,http://www.fightmetric.com/event-details/aa79d5399571068e,"April 20, 2013","San Jose, California, USA"
The Ultimate Fighter 17 Finale,http://www.fightmetric.com/event-details/ce47f49e5c386a9c,"April 13, 2013","Las Vegas, Nevada, USA"
UFC on FUEL TV 9: Mousasi vs Latifi,http://www.fightmetric.com/event-details/6291ac0a3726732f,"April 06, 2013","Stockholm, Sweden"
UFC 158: St-Pierre vs Diaz,http://www.fightmetric.com/event-details/f1b2a4365799c48b,"March 16, 2013","Montreal, Quebec, Canada"
UFC on FUEL TV: Japan,http://www.fightmetric.com/event-details/83c6c3e0f8bde8ee,"March 02, 2013","Saitama, Japan"
UFC 157: Rousey vs Carmouche,http://www.fightmetric.com/event-details/09c44b317c98bf96,"February 23, 2013","Anaheim, California, USA"
UFC on FUEL TV: Barao vs McDonald,http://www.fightmetric.com/event-details/4679a38cced7c64a,"February 16, 2013","London, England, United Kingdom"
UFC 156: Aldo vs Edgar,http://www.fightmetric.com/event-details/601cf40c09090853,"February 02, 2013","Las Vegas, Nevada, USA"
UFC on Fox: Johnson vs Dodson,http://www.fightmetric.com/event-details/738acab0c6934dd8,"January 26, 2013","Chicago, Illinois, USA"
UFC on FX: Belfort vs Bisping,http://www.fightmetric.com/event-details/56f4b81ec4db61af,"January 19, 2013","Sao Paulo, Brazil"
UFC 155: Dos Santos vs Velasquez II,http://www.fightmetric.com/event-details/c6e6926a81adcd00,"December 29, 2012","Las Vegas, Nevada, USA"
The Ultimate Fighter 16 Finale,http://www.fightmetric.com/event-details/c6da1c24fe473418,"December 15, 2012","Las Vegas, Nevada, USA"
UFC on FX: Sotiropoulos vs Pearson,http://www.fightmetric.com/event-details/e8c170a64dc920ac,"December 14, 2012","Gold Coast, Queensland, Australia"
UFC on Fox: Henderson vs Diaz,http://www.fightmetric.com/event-details/d1e6a6536ee62517,"December 08, 2012","Seattle, Washington, USA"
UFC 154: St-Pierre vs Condit,http://www.fightmetric.com/event-details/d41937647eae9a34,"November 17, 2012","Montreal, Quebec, Canada"
UFC Macao: Franklin vs Le,http://www.fightmetric.com/event-details/319fa1bd3176bded,"November 10, 2012","Macau, China"
UFC 153: Silva vs Bonnar,http://www.fightmetric.com/event-details/96d173b7f92aa520,"October 13, 2012","Rio de Janeiro, Brazil"
UFC on FX: Browne vs Bigfoot,http://www.fightmetric.com/event-details/6a0b80a24f22e152,"October 05, 2012","Minneapolis, Minnesota, USA"
UFC on FUEL TV: Struve vs Miocic,http://www.fightmetric.com/event-details/6cbb7661c3258617,"September 29, 2012","Nottingham, England, United Kingdom"
UFC 152: Jones vs Belfort,http://www.fightmetric.com/event-details/53e533db1b8e9712,"September 22, 2012","Toronto, Ontario, Canada"
UFC 150: Henderson vs Edgar II,http://www.fightmetric.com/event-details/3c48019bc387b80c,"August 11, 2012","Denver, Colorado, USA"
UFC on FOX: Shogun vs Vera,http://www.fightmetric.com/event-details/f62850b3c7480db9,"August 04, 2012","Los Angeles, California, USA"
UFC 149: Faber vs Barao,http://www.fightmetric.com/event-details/abbc4fc02e0d84b3,"July 21, 2012","Calgary, Alberta, Canada"
UFC on FUEL TV: Munoz vs Weidman,http://www.fightmetric.com/event-details/d3b5ad3b15a64a18,"July 11, 2012","San Jose, California, USA"
UFC 148: Silva vs Sonnen 2,http://www.fightmetric.com/event-details/e8efeb9cf33b1941,"July 07, 2012","Las Vegas, Nevada, USA"
UFC 147: Silva vs Franklin 2,http://www.fightmetric.com/event-details/3da19339ee7051d5,"June 23, 2012","Belo Horizonte, Minas Gerais, Brazil"
UFC on FX: Maynard vs Guida,http://www.fightmetric.com/event-details/505934897b8b4824,"June 22, 2012","Atlantic City, New Jersey, USA"
UFC on FX: Johnson vs McCall,http://www.fightmetric.com/event-details/49590e0508b2c19f,"June 08, 2012","Sunrise, Florida, USA"
The Ultimate Fighter LIVE Finale,http://www.fightmetric.com/event-details/96087e90d900f0ef,"June 01, 2012","Las Vegas, Nevada, USA"
UFC 146: Dos Santos vs Mir,http://www.fightmetric.com/event-details/4985113c0928aa62,"May 26, 2012","Las Vegas, Nevada, USA"
UFC on FUEL TV: Korean Zombie vs Piorier,http://www.fightmetric.com/event-details/8caca5857ce0e30b,"May 15, 2012","Fairfax, Virginia, USA"
UFC on FOX: Diaz vs Miller,http://www.fightmetric.com/event-details/5898357a45a73674,"May 05, 2012","East Rutherford, New Jersey, USA"
UFC 145: Jones vs Evans,http://www.fightmetric.com/event-details/155bfc7ed36622df,"April 21, 2012","Atlanta, Georgia, USA"
UFC on FUEL TV: Gustafsson vs Silva,http://www.fightmetric.com/event-details/21f2974fd08085e3,"April 14, 2012","Stockholm, Sweden"
UFC on FX: Alves vs Kampmann,http://www.fightmetric.com/event-details/b5ea750025697880,"March 02, 2012","Sydney, New South Wales, Australia"
UFC 144: Edgar vs Henderson,http://www.fightmetric.com/event-details/8377c5572cb356f3,"February 25, 2012","Saitama, Japan"
UFC on FUEL TV: Sanchez vs Ellenberger,http://www.fightmetric.com/event-details/0a97691039c4bbfb,"February 15, 2012","Omaha, Nebraska, USA"
UFC 143: Diaz vs Condit,http://www.fightmetric.com/event-details/df2cf66d8c0123db,"February 04, 2012","Las Vegas, Nevada, USA"
UFC on FOX: Evans vs Davis,http://www.fightmetric.com/event-details/c3c23c99477c041b,"January 28, 2012","Chicago, Illinois, USA"
UFC on FX: Guillard vs Miller,http://www.fightmetric.com/event-details/4d74641fac830182,"January 20, 2012","Nashville, Tennessee, USA"
UFC RIO: Aldo vs Mendes,http://www.fightmetric.com/event-details/18524b46c570730b,"January 14, 2012","Rio de Janeiro, Brazil"
UFC 141: Lesnar vs Overeem,http://www.fightmetric.com/event-details/91720876db0ee468,"December 30, 2011","Las Vegas, Nevada, USA"
UFC 140: Jones vs Machida,http://www.fightmetric.com/event-details/6d7886b094b471ac,"December 10, 2011","Toronto, Ontario, Canada"
The Ultimate Fighter 14 Finale: Team Bisping vs Team Miller,http://www.fightmetric.com/event-details/1f5f75658551f2d3,"December 03, 2011","Las Vegas, Nevada, USA"
UFC 139: Shogun vs Henderson,http://www.fightmetric.com/event-details/0ec821423baa26bd,"November 19, 2011","San Jose, California, USA"
UFC on Fox: Velasquez vs Dos Santos,http://www.fightmetric.com/event-details/1c061eb6e29eaa0a,"November 12, 2011","Anaheim, California, USA"
UFC 138: Leben vs Munoz,http://www.fightmetric.com/event-details/e780ccc79a209985,"November 05, 2011","Birmingham, England, United Kingdom"
UFC 137: Penn vs Diaz,http://www.fightmetric.com/event-details/8788beb528894f33,"October 29, 2011","Las Vegas, Nevada, USA"
UFC 136: Edgar vs Maynard 3,http://www.fightmetric.com/event-details/7d5b12de1625984e,"October 08, 2011","Houston, Texas, USA"
UFC LIVE 6: Cruz vs Johnson,http://www.fightmetric.com/event-details/44f9c777fed7ca03,"October 01, 2011","Washington, DC, USA"
UFC 135: Jones vs Rampage,http://www.fightmetric.com/event-details/73ef22f25d0f70e2,"September 24, 2011","Denver, Colorado, USA"
UFC Fight Night Live: Shields vs Ellenberger,http://www.fightmetric.com/event-details/1ffc38f67785797b,"September 17, 2011","New Orleans, Louisiana, USA"
UFC RIO: Silva vs Okami,http://www.fightmetric.com/event-details/18968f97ad34f15c,"August 27, 2011","Rio de Janeiro, Brazil"
UFC LIVE 5: Hardy vs Lytle,http://www.fightmetric.com/event-details/4c8d6fde2dde07c4,"August 14, 2011","Milwaukee, Wisconsin, USA"
UFC 133: Evans vs Ortiz 2,http://www.fightmetric.com/event-details/f1f9e48a0d150757,"August 06, 2011","Philadelphia, Pennsylvania, USA"
UFC 132: Cruz vs Faber,http://www.fightmetric.com/event-details/83fd97284f4bb4a4,"July 02, 2011","Las Vegas, Nevada, USA"
UFC Live on Versus: Kongo vs Barry,http://www.fightmetric.com/event-details/d023ae89a2a4a41e,"June 26, 2011","Pittsburgh, Pennsylvania, USA"
UFC 131: Dos Santos vs Carwin,http://www.fightmetric.com/event-details/aac5ac38148f0528,"June 11, 2011","Vancouver, British Columbia, Canada"
The Ultimate Fighter Finale: Team Lesnar vs Team Dos Santos,http://www.fightmetric.com/event-details/3ba3b5cc94498437,"June 04, 2011","Las Vegas, Nevada, USA"
UFC 130: Rampage vs Hamill,http://www.fightmetric.com/event-details/b732b326c362fb62,"May 28, 2011","Las Vegas, Nevada, USA"
UFC 129: St-Pierre vs Shields,http://www.fightmetric.com/event-details/2db7fa8db6bc9632,"April 30, 2011","Toronto, Ontario, Canada"
UFC Fight Night Live: Nogueira vs Davis,http://www.fightmetric.com/event-details/8a59d346dc976a10,"March 26, 2011","Seattle, Washington, USA"
UFC 128: Shogun vs Jones,http://www.fightmetric.com/event-details/1411c630ba711b64,"March 19, 2011","Newark, New Jersey, USA"
UFC on VERSUS: Sanchez vs Kampmann,http://www.fightmetric.com/event-details/a54fc2d6fc224dc3,"March 03, 2011","Louisville, Kentucky, USA"
UFC 127: Penn vs Fitch,http://www.fightmetric.com/event-details/88a9bc81271ccd89,"February 26, 2011","Sydney, New South Wales, Australia"
UFC 126: Silva vs Belfort,http://www.fightmetric.com/event-details/65ddc8a9ac4e8531,"February 05, 2011","Las Vegas, Nevada, USA"
UFC Fight Night: Fight for the Troops 2,http://www.fightmetric.com/event-details/282fa667ff9c51ed,"January 22, 2011","Killeen, Texas, USA"
UFC 125: Resolution,http://www.fightmetric.com/event-details/d1152823307d7e7c,"January 01, 2011","Las Vegas, Nevada, USA"
UFC 124: St-Pierre vs Koscheck 2,http://www.fightmetric.com/event-details/132f860d02953f4c,"December 11, 2010","Montreal, Quebec, Canada"
The Ultimate Fighter 12: Team GSP vs Team Koscheck,http://www.fightmetric.com/event-details/5d7bdab5e03e3216,"December 04, 2010","Las Vegas, Nevada, USA"
UFC 123: Rampage vs Machida,http://www.fightmetric.com/event-details/dd992d569aaebee6,"November 20, 2010","Auburn Hills, Michigan, USA"
UFC 122: Marquardt vs Okami,http://www.fightmetric.com/event-details/0ff11cc094e887bc,"November 13, 2010","Oberhausen, North Rhine-Westphalia, Germany"
UFC 121: Lesnar vs Velasquez,http://www.fightmetric.com/event-details/afdb76fbd86f6d11,"October 23, 2010","Anaheim, California, USA"
UFC 120: Bisping vs Akiyama,http://www.fightmetric.com/event-details/d512d9f204059f57,"October 16, 2010","London, England, United Kingdom"
UFC 119: Mir vs Cro Cop,http://www.fightmetric.com/event-details/ad32471f01e7b1a5,"September 25, 2010","Indianapolis, Indiana, USA"
UFC Fight Night: Marquardt vs Palhares,http://www.fightmetric.com/event-details/acff437707625fc7,"September 15, 2010","Austin, Texas, USA"
UFC 118: Edgar vs Penn 2,http://www.fightmetric.com/event-details/054defd5420a551f,"August 28, 2010","Boston, Massachusetts, USA"
UFC 117: Silva vs Sonnen,http://www.fightmetric.com/event-details/2f3f12002564bb55,"August 07, 2010","Oakland, California, USA"
UFC LIVE: Jones vs Matyushenko,http://www.fightmetric.com/event-details/f12f979b657ab876,"August 01, 2010","San Diego, California, USA"
UFC 116: Lesnar vs Carwin,http://www.fightmetric.com/event-details/140745cbbcb023ac,"July 03, 2010","Las Vegas, Nevada, USA"
The Ultimate Fighter FINALE: Team Liddell vs Team Ortiz,http://www.fightmetric.com/event-details/9bcf8603ceb25680,"June 19, 2010","Las Vegas, Nevada, USA"
UFC 115: Liddell vs Franklin,http://www.fightmetric.com/event-details/cfb65863d5099327,"June 12, 2010","Vancouver, British Columbia, Canada"
UFC 114: Rampage vs Evans,http://www.fightmetric.com/event-details/bfc2fc38a0e20211,"May 29, 2010","Las Vegas, Nevada, USA"
UFC 113: Machida vs Shogun 2,http://www.fightmetric.com/event-details/d0c29452d3272603,"May 08, 2010","Montreal, Quebec, Canada"
UFC 112: Invincible,http://www.fightmetric.com/event-details/24b033b3daf1c9df,"April 10, 2010","Abu Dhabi, United Arab Emirates"
UFC Fight Night: Florian vs Gomi,http://www.fightmetric.com/event-details/3ed134d85dfbd7b4,"March 31, 2010","Charlotte, North Carolina, USA"
UFC 111: St-Pierre vs Hardy,http://www.fightmetric.com/event-details/c80095f6092271a7,"March 27, 2010","Newark, New Jersey, USA"
UFC on Versus: Vera vs Jones,http://www.fightmetric.com/event-details/3795fca327cbcf23,"March 21, 2010","Broomfield, Colorado, USA"
UFC 110: Nogueira vs Velasquez,http://www.fightmetric.com/event-details/49efbdc6c9f650c4,"February 20, 2010","Las Vegas, Nevada, Australia"
UFC 109: Relentless,http://www.fightmetric.com/event-details/15edcf67ccf5be84,"February 06, 2010","Las Vegas, Nevada, USA"
UFC Fight Night: Maynard vs Diaz,http://www.fightmetric.com/event-details/58bc81376286b3d3,"January 11, 2010","Fairfax, Virginia, USA"
UFC 108: Evans vs Silva,http://www.fightmetric.com/event-details/a6d8bfe9e0c8153b,"January 02, 2010","Las Vegas, Nevada, USA"
UFC 107: Penn vs Sanchez,http://www.fightmetric.com/event-details/821cd80aab70d5f9,"December 12, 2009","Memphis, Tennessee, USA"
The Ultimate Fighter: Heavyweights Finale,http://www.fightmetric.com/event-details/91d73ee59347ac16,"December 05, 2009","Las Vegas, Nevada, USA"
UFC 106: Ortiz vs Griffin 2,http://www.fightmetric.com/event-details/84a067c46306a737,"November 21, 2009","Las Vegas, Nevada, USA"
UFC 105: Couture vs Vera,http://www.fightmetric.com/event-details/fa8b9e6b0c2269f8,"November 14, 2009","Manchester, England, United Kingdom"
UFC 104: Machida vs Shogun,http://www.fightmetric.com/event-details/7c0847d3854a95f2,"October 24, 2009","Los Angeles, California, USA"
UFC 103: Franklin vs Belfort,http://www.fightmetric.com/event-details/896c322f56b8be5a,"September 19, 2009","Dallas, Texas, USA"
UFC Fight Night: Diaz vs Guillard,http://www.fightmetric.com/event-details/a8ea84cbe1655f0a,"September 16, 2009","Oklahoma City, Oklahoma, USA"
UFC 102: Couture vs Nogueira,http://www.fightmetric.com/event-details/c6a33ff198aaaeeb,"August 29, 2009","Portland, Oregon, USA"
UFC 101: Declaration,http://www.fightmetric.com/event-details/48d1f690b763934c,"August 08, 2009","Philadelphia, Pennsylvania, USA"
UFC 100,http://www.fightmetric.com/event-details/0ee783aa00e468f0,"July 11, 2009","Las Vegas, Nevada, USA"
The Ultimate Fighter: Team US vs Team UK Finale,http://www.fightmetric.com/event-details/4908c5ee68a50ee5,"June 20, 2009","Las Vegas, Nevada, USA"
UFC 99: The Comeback,http://www.fightmetric.com/event-details/cb6783c39c01d896,"June 13, 2009","Cologne, North Rhine-Westphalia, Germany"
UFC 98: Evans vs Machida,http://www.fightmetric.com/event-details/c4b6099f0d25f75e,"May 23, 2009","Las Vegas, Nevada, USA"
UFC 97: Redemption,http://www.fightmetric.com/event-details/1652f3213655b935,"April 18, 2009","Montreal, Quebec, Canada"
UFC Fight Night: Condit vs Kampmann,http://www.fightmetric.com/event-details/04d5718ed2661e8c,"April 01, 2009","Nashville, Tennessee, USA"
UFC 96: Jackson vs Jardine,http://www.fightmetric.com/event-details/29b5791e51e7e832,"March 07, 2009","Columbus, Ohio, USA"
UFC 95: Sanchez vs Stevenson,http://www.fightmetric.com/event-details/7d21de9c6d7c98b2,"February 21, 2009","London, England, United Kingdom"
UFC Fight Night: Lauzon vs Stephens,http://www.fightmetric.com/event-details/d1759b2b7be9be56,"February 07, 2009","Tampa, Florida, USA"
UFC 94: St-Pierre vs Penn 2,http://www.fightmetric.com/event-details/2a542ee8a8b83559,"January 31, 2009","Las Vegas, Nevada, USA"
UFC 93: Franklin vs Henderson,http://www.fightmetric.com/event-details/68c6cd5287b473a7,"January 17, 2009","Dublin, Leinster, Ireland"
UFC 92: The Ultimate 2008,http://www.fightmetric.com/event-details/23ab42947c1990e3,"December 27, 2008","Las Vegas, Nevada, USA"
The Ultimate Fighter Finale: Team Nog vs Team Mir,http://www.fightmetric.com/event-details/ea398c802d9998ee,"December 13, 2008","Las Vegas, Nevada, USA"
UFC Fight Night - Fight for the Troops,http://www.fightmetric.com/event-details/30cd319d39ee689b,"December 10, 2008","Fayetteville, North Carolina, USA"
UFC 91: Couture vs Lesnar,http://www.fightmetric.com/event-details/a2b06ca02bca14c0,"November 15, 2008","Las Vegas, Nevada, USA"
UFC 90: Silva vs Cote,http://www.fightmetric.com/event-details/c670aa48827d6be6,"October 25, 2008","Rosemont, Illinois, USA"
UFC 89: Bisping vs Leben,http://www.fightmetric.com/event-details/312f47c3d2f83ffa,"October 18, 2008","Birmingham, England, United Kingdom"
UFC Fight Night: Diaz vs Neer,http://www.fightmetric.com/event-details/279093302a6f44b3,"September 17, 2008","Omaha, Nebraska, USA"
UFC 88: Breakthrough,http://www.fightmetric.com/event-details/0db70ca89e1c7374,"September 06, 2008","Atlanta, Georgia, USA"
UFC 87: Seek And Destroy,http://www.fightmetric.com/event-details/19ffeb5e3fffd6d5,"August 09, 2008","Minneapolis, Minnesota, USA"
UFC: Silva vs Irvin,http://www.fightmetric.com/event-details/46f11d15c0134fe3,"July 19, 2008","Las Vegas, Nevada, USA"
UFC 86: Jackson vs Griffin,http://www.fightmetric.com/event-details/bf12aca029bfcc47,"July 05, 2008","Las Vegas, Nevada, USA"
The Ultimate Fighter Finale: Team Rampage vs Team Forrest,http://www.fightmetric.com/event-details/2299605af59fd309,"June 21, 2008","Las Vegas, Nevada, USA"
UFC 85: Bedlam,http://www.fightmetric.com/event-details/2efbc83a6b9b7f86,"June 07, 2008","London, England, United Kingdom"
UFC 84: Ill Will,http://www.fightmetric.com/event-details/2549d63da9c456cb,"May 24, 2008","Las Vegas, Nevada, USA"
UFC 83: Serra vs St-Pierre 2,http://www.fightmetric.com/event-details/ad047e3073a775f3,"April 19, 2008","Montreal, Quebec, Canada"
UFC Fight Night: Florian vs Lauzon,http://www.fightmetric.com/event-details/b9e871af730f826c,"April 02, 2008","Broomfield, Colorado, USA"
UFC 82: Pride of a Champion,http://www.fightmetric.com/event-details/598a58db87b890ee,"March 01, 2008","Columbus, Ohio, USA"
UFC 81: Breaking Point,http://www.fightmetric.com/event-details/597db668b01c442c,"February 02, 2008","Las Vegas, Nevada, USA"
UFC Fight Night: Swick vs Burkman,http://www.fightmetric.com/event-details/33e33d51f289d2a1,"January 23, 2008","Las Vegas, Nevada, USA"
UFC 80: Rapid Fire,http://www.fightmetric.com/event-details/a24e080000fa7a35,"January 19, 2008","Newcastle, England, United Kingdom"
UFC 79: Nemesis,http://www.fightmetric.com/event-details/7269329bd87eb479,"December 29, 2007","Las Vegas, Nevada, USA"
The Ultimate Fighter: Team Serra vs Team Hughes Finale,http://www.fightmetric.com/event-details/df85d6ec3493d120,"December 08, 2007","Las Vegas, Nevada, USA"
UFC 78: Validation,http://www.fightmetric.com/event-details/1d147d4163a6989b,"November 17, 2007","Newark, New Jersey, USA"
UFC 77: Hostile Territory,http://www.fightmetric.com/event-details/91181b29be041f1c,"October 20, 2007","Cincinnati, Ohio, USA"
UFC 76: Knockout,http://www.fightmetric.com/event-details/bad28b7b34f334de,"September 22, 2007","Anaheim, California, USA"
UFC Fight Night: Thomas vs Florian,http://www.fightmetric.com/event-details/f341f9551ba744e2,"September 19, 2007","Las Vegas, Nevada, USA"
UFC 75: Champion vs Champion,http://www.fightmetric.com/event-details/0aa92558424ced9e,"September 08, 2007","London, England, United Kingdom"
UFC 74: Respect,http://www.fightmetric.com/event-details/a5c53b3ddb31cc7d,"August 25, 2007","Las Vegas, Nevada, USA"
UFC 73: Stacked,http://www.fightmetric.com/event-details/2a6f8136da1e52c0,"July 07, 2007","Sacramento, California, USA"
The Ultimate Fighter 5 Finale,http://www.fightmetric.com/event-details/e7ec11096eac0282,"June 23, 2007","Las Vegas, Nevada, USA"
UFC 72: Victory,http://www.fightmetric.com/event-details/5ca158b1cc9cb242,"June 16, 2007","Belfast, Northern Ireland, United Kingdom"
UFC Fight Night: Stout vs Fisher,http://www.fightmetric.com/event-details/304fcd812f12c589,"June 12, 2007","Hollywood, Florida, USA"
UFC 71: Liddell vs Jackson,http://www.fightmetric.com/event-details/2e04a3b4a2011b97,"May 26, 2007","Las Vegas, Nevada, USA"
UFC 70: Nations Collide,http://www.fightmetric.com/event-details/4604ab1de9058474,"April 21, 2007","Manchester, England, United Kingdom"
UFC 69: Shootout,http://www.fightmetric.com/event-details/c1684f00c626f4c0,"April 07, 2007","Houston, Texas, USA"
UFC Fight Night: Stevenson vs Guillard,http://www.fightmetric.com/event-details/a6c2f5381d575920,"April 05, 2007","Las Vegas, Nevada, USA"
UFC 68: The Uprising,http://www.fightmetric.com/event-details/de3ed2e152520c8d,"March 03, 2007","Columbus, Ohio, USA"
UFC 67: All or Nothing,http://www.fightmetric.com/event-details/63b65af1c5cb02cb,"February 03, 2007","Las Vegas, Nevada, USA"
UFC Fight Night: Evans vs Salmon,http://www.fightmetric.com/event-details/13c4313ed0f744f3,"January 25, 2007","Hollywood, Florida, USA"
UFC 66: Liddell vs Ortiz 2,http://www.fightmetric.com/event-details/ee5df903f80c6816,"December 30, 2006","Las Vegas, Nevada, USA"
UFC Fight Night: Sanchez vs Riggs,http://www.fightmetric.com/event-details/21b8a0f5c231096f,"December 13, 2006","San Diego, California, USA"
UFC 65: Bad Intentions,http://www.fightmetric.com/event-details/3fed746acfd026dd,"November 18, 2006","Sacramento, California, USA"
The Ultimate Fighter 4 Finale,http://www.fightmetric.com/event-details/baf942f4bcb09894,"November 11, 2006","Las Vegas, Nevada, USA"
UFC 64: Unstoppable,http://www.fightmetric.com/event-details/13b2f59210dda9cc,"October 14, 2006","Las Vegas, Nevada, USA"
Ortiz vs Shamrock 3: The Final Chapter,http://www.fightmetric.com/event-details/577ec7e108b94be3,"October 10, 2006","Hollywood, Florida, USA"
UFC 63: Hughes vs Penn,http://www.fightmetric.com/event-details/13e62d766b709aa6,"September 23, 2006","Anaheim, California, USA"
UFC 62: Liddell vs Sobral,http://www.fightmetric.com/event-details/f717b6002486f73f,"August 26, 2006","Las Vegas, Nevada, USA"
UFC Fight Night 6,http://www.fightmetric.com/event-details/46c8ec317aff28ac,"August 17, 2006","Las Vegas, Nevada, USA"
UFC 61: Bitter Rivals,http://www.fightmetric.com/event-details/f70144caea5c4c80,"July 08, 2006","Las Vegas, Nevada, USA"
UFC Fight Night 5,http://www.fightmetric.com/event-details/445a98acb8985970,"June 28, 2006","Las Vegas, Nevada, USA"
The Ultimate Fighter 3 Finale,http://www.fightmetric.com/event-details/1dab0d1d81dd06db,"June 24, 2006","Las Vegas, Nevada, USA"
UFC 60: Hughes vs Gracie,http://www.fightmetric.com/event-details/a54a35a670d8e852,"May 27, 2006","Los Angeles, California, USA"
UFC 59: Reality Check,http://www.fightmetric.com/event-details/03688dc3c3af3ac1,"April 15, 2006","Anaheim, California, USA"
UFC Fight Night 4,http://www.fightmetric.com/event-details/b361180739bed4b0,"April 06, 2006","Las Vegas, Nevada, USA"
UFC 58: USA vs Canada,http://www.fightmetric.com/event-details/0e9869d712e81f8f,"March 04, 2006","Las Vegas, Nevada, USA"
UFC 57: Liddell vs Couture 3,http://www.fightmetric.com/event-details/977081bc01197656,"February 04, 2006","Las Vegas, Nevada, USA"
UFC Fight Night 3,http://www.fightmetric.com/event-details/2ee09ec2a0695eb9,"January 16, 2006","Las Vegas, Nevada, USA"
UFC 56: Full Force,http://www.fightmetric.com/event-details/c7e9d15cfce52f1d,"November 19, 2005","Las Vegas, Nevada, USA"
The Ultimate Fighter 2 Finale,http://www.fightmetric.com/event-details/31ceaf0e670c1578,"November 05, 2005","Las Vegas, Nevada, USA"
UFC 55: Fury,http://www.fightmetric.com/event-details/271fe91f4ba9d2c5,"October 07, 2005","Uncasville, Connecticut, USA"
UFC Fight Night 2,http://www.fightmetric.com/event-details/efaf544314bb5c2e,"October 03, 2005","Las Vegas, Nevada, USA"
UFC 54: Boiling Point,http://www.fightmetric.com/event-details/669a3cb6e394f515,"August 20, 2005","Las Vegas, Nevada, USA"
UFC Fight Night 1,http://www.fightmetric.com/event-details/3f24c96753dbd9f9,"August 06, 2005","Las Vegas, Nevada, USA"
UFC 53: Heavy Hitters,http://www.fightmetric.com/event-details/d3711d3784b76255,"June 04, 2005","Atlantic City, New Jersey, USA"
UFC 52: Couture vs Liddell 2,http://www.fightmetric.com/event-details/c933d423ebdbbbdb,"April 16, 2005","Las Vegas, Nevada, USA"
The Ultimate Fighter 1 Finale,http://www.fightmetric.com/event-details/fbbde91f7bc2d3c5,"April 09, 2005","Las Vegas, Nevada, USA"
UFC 51: Super Saturday,http://www.fightmetric.com/event-details/85d905f7c4f5a1af,"February 05, 2005","Las Vegas, Nevada, USA"
UFC 50: The War Of '04,http://www.fightmetric.com/event-details/ce783bf73b5131f9,"October 22, 2004","Atlantic City, New Jersey, USA"
UFC 49: Unfinished Business,http://www.fightmetric.com/event-details/b4bc2e3353a770b5,"August 21, 2004","Las Vegas, Nevada, USA"
UFC 48: Payback,http://www.fightmetric.com/event-details/429e7d3725852ce9,"June 19, 2004","Las Vegas, Nevada, USA"
UFC 47: It's On!,http://www.fightmetric.com/event-details/e8fb8e53bc2e29d6,"April 02, 2004","Las Vegas, Nevada, USA"
UFC 46: Supernatural,http://www.fightmetric.com/event-details/94609dd91731d428,"January 31, 2004","Las Vegas, Nevada, USA"
UFC 45: Revolution,http://www.fightmetric.com/event-details/e670f8cc2969a789,"November 21, 2003","Uncasville, Connecticut, USA"
UFC 44: Undisputed,http://www.fightmetric.com/event-details/c61f66d8c3fd5f07,"September 26, 2003","Las Vegas, Nevada, USA"
UFC 43: Meltdown,http://www.fightmetric.com/event-details/108afe61a26bcbf4,"June 06, 2003","Las Vegas, Nevada, USA"
UFC 42: Sudden Impact,http://www.fightmetric.com/event-details/ae58685caf8e4a0d,"April 25, 2003","Miami, Florida, USA"
UFC 41: Onslaught,http://www.fightmetric.com/event-details/bba678d312590087,"February 28, 2003","Atlantic City, New Jersey, USA"
UFC 40: Vendetta,http://www.fightmetric.com/event-details/e06fd1260ac865a7,"November 22, 2002","Las Vegas, Nevada, USA"
UFC 39: The Warriors Return,http://www.fightmetric.com/event-details/0cf935519d439ba6,"September 27, 2002","Uncasville, Connecticut, USA"
UFC 38: Brawl at the Hall,http://www.fightmetric.com/event-details/1dc56b59cb28425d,"July 13, 2002","London, England, United Kingdom"
UFC 37.5: As Real As It Gets,http://www.fightmetric.com/event-details/9ccdd2ce45903f34,"June 22, 2002","Las Vegas, Nevada, USA"
UFC 37: High Impact,http://www.fightmetric.com/event-details/9fd1f08dd4aec14a,"May 10, 2002","Bossier City, Louisiana, USA"
UFC 36: Worlds Collide,http://www.fightmetric.com/event-details/02fc8f50f56eb307,"March 22, 2002","Las Vegas, Nevada, USA"
UFC 35: Throwdown,http://www.fightmetric.com/event-details/946f341df6472ee0,"January 11, 2002","Uncasville, Connecticut, USA"
UFC 34: High Voltage,http://www.fightmetric.com/event-details/4dc496aa0cfc0d95,"November 02, 2001","Las Vegas, Nevada, USA"
UFC 33: Victory in Vegas,http://www.fightmetric.com/event-details/c75b99887c8c3f5a,"September 28, 2001","Las Vegas, Nevada, USA"
UFC 32: Showdown in the Meadowlands,http://www.fightmetric.com/event-details/7b9aa973e5c04624,"June 29, 2001","East Rutherford, New Jersey, USA"
UFC 31: Locked and Loaded,http://www.fightmetric.com/event-details/20bd6c3e03c46ee6,"May 04, 2001","Atlantic City, New Jersey, USA"
UFC 30: Battle on the Boardwalk,http://www.fightmetric.com/event-details/2b1587a3376ab743,"February 23, 2001","Atlantic City, New Jersey, USA"
UFC 29: Defense of the Belts,http://www.fightmetric.com/event-details/08ae5cd9aef7ddd3,"December 16, 2000","Tokyo, Japan"
UFC 28: High Stakes,http://www.fightmetric.com/event-details/da6dfd09cca1d705,"November 17, 2000","Atlantic City, New Jersey, USA"
UFC 27: Ultimate Bad Boyz,http://www.fightmetric.com/event-details/31652c9267606d54,"September 22, 2000","New Orleans, Louisiana, USA"
UFC 26: Ultimate Field Of Dreams,http://www.fightmetric.com/event-details/cedfdf8d423d500c,"June 09, 2000","Cedar Rapids, Iowa, USA"
UFC 25: Ultimate Japan 3,http://www.fightmetric.com/event-details/d2b1c1317a39f6c6,"April 14, 2000","Tokyo, Japan"
UFC 24: First Defense,http://www.fightmetric.com/event-details/20ec0061400178ca,"March 10, 2000","Lake Charles, Louisiana, USA"
UFC 23: Ultimate Japan 2,http://www.fightmetric.com/event-details/a8fa0c4e95512806,"November 19, 1999","Chiba, Japan"
UFC 22: Only One Can be Champion,http://www.fightmetric.com/event-details/afaad7d6a581e307,"September 24, 1999","Lake Charles, Louisiana, USA"
UFC 21: Return of the Champions,http://www.fightmetric.com/event-details/1a1a4d7a29041d77,"July 16, 1999","Cedar Rapids, Iowa, USA"
UFC 20: Battle for the Gold,http://www.fightmetric.com/event-details/a7b48e18ca27795d,"May 07, 1999","Birmingham, Alabama, USA"
UFC 19: Ultimate Young Guns,http://www.fightmetric.com/event-details/a220be6d41d6f97d,"March 05, 1999","Bay St. Louis, Mississippi, USA"
UFC 18: The Road to the Heavyweight Title,http://www.fightmetric.com/event-details/c9bbf1a0285a8076,"January 08, 1999","New Orleans, Louisiana, USA"
UFC - Ultimate Brazil,http://www.fightmetric.com/event-details/32a3025d5db456ae,"October 16, 1998","Sao Paulo, Brazil"
UFC 17: Redemption,http://www.fightmetric.com/event-details/4a01dc8376736ef5,"May 15, 1998","Mobile, Alabama, USA"
UFC 16: Battle in the Bayou,http://www.fightmetric.com/event-details/749685d24e2cac50,"March 13, 1998","New Orleans, Louisiana, USA"
UFC - Ultimate Japan,http://www.fightmetric.com/event-details/29f935654825331b,"December 21, 1997","Yokohama, Kanagawa, Japan"
UFC 15: Collision Course,http://www.fightmetric.com/event-details/07a18ae55dfc3cd9,"October 17, 1997","Bay St. Louis, Mississippi, USA"
UFC 14: Showdown,http://www.fightmetric.com/event-details/dc950d59dc590aca,"July 27, 1997","Birmingham, Alabama, USA"
UFC 13: The Ultimate Force,http://www.fightmetric.com/event-details/5bd533d50c8e7b8a,"May 30, 1997","Augusta, Georgia, USA"
UFC 12: Judgement Day,http://www.fightmetric.com/event-details/96eff1a628adcc7f,"February 07, 1997","Dothan, Alabama, USA"
UFC - Ultimate Ultimate '96,http://www.fightmetric.com/event-details/9b5b5a75523728f3,"December 07, 1996","Birmingham, Alabama, USA"
UFC 11: The Proving Ground,http://www.fightmetric.com/event-details/6ceff86fae4f6b3b,"September 20, 1996","Augusta, Georgia, USA"
UFC 10: The Tournament,http://www.fightmetric.com/event-details/aee8eecfc4bfb1e7,"July 12, 1996","Birmingham, Alabama, USA"
UFC 9: Motor City Madness,http://www.fightmetric.com/event-details/a390eb8a9b2df298,"May 17, 1996","Detroit, Michigan, USA"
UFC 8: David vs Goliath,http://www.fightmetric.com/event-details/b63e800c18e011b5,"February 16, 1996","San Juan, Puerto Rico"
UFC - Ultimate Ultimate '95,http://www.fightmetric.com/event-details/31bbd46d57dfbcb7,"December 16, 1995","Denver, Colorado, USA"
UFC 7: The Brawl in Buffalo,http://www.fightmetric.com/event-details/5af480a3b2e1726b,"September 08, 1995","Buffalo, New York, USA"
UFC 6: Clash of the Titans,http://www.fightmetric.com/event-details/1c3f5e85b59ec710,"July 14, 1995","Casper, Wyoming, USA"
UFC 5: The Return of the Beast,http://www.fightmetric.com/event-details/dedc3bb440d09554,"April 07, 1995","Charlotte, North Carolina, USA"
UFC 4: Revenge of the Warriors,http://www.fightmetric.com/event-details/b60391da771deefe,"December 16, 1994","Tulsa, Oklahoma, USA"
UFC 3: The American Dream,http://www.fightmetric.com/event-details/1a49e0670dfaca31,"September 09, 1994","Charlotte, North Carolina, USA"
UFC 2: No Way Out,http://www.fightmetric.com/event-details/a6a9ab5a824e8f66,"March 11, 1994","Denver, Colorado, USA"
UFC 1: The Beginning,http://www.fightmetric.com/event-details/6420efac0578988b,"November 12, 1993","Denver, Colorado, USA"
